Marketplace;Address;TokenID;MetadataURL;Decentralized
https://opensea.io/assets/ethereum/0x49cf6f5d44e70224e2e23fdcdd2c053f30ada28b/1724;0x49cf6f5d44e70224e2e23fdcdd2c053f30ada28b;1724;https://clonex-assets.rtfkt.com/1724;false
https://opensea.io/assets/ethereum/0x23581767a106ae21c074b2276d25e5c3e136a68b/1482;0x23581767a106ae21c074b2276d25e5c3e136a68b;1482;https://live---metadata-5covpqijaa-uc.a.run.app/metadata/1482;false
https://opensea.io/assets/ethereum/0xb47e3cd837ddf8e4c57f05d70ab865de6e193bbb/8405;undefined;undefined;undefined;undefined
https://opensea.io/assets/ethereum/0xbc4ca0eda7647a8ab7c2061c2e118a18a936f13d/9529;0xbc4ca0eda7647a8ab7c2061c2e118a18a936f13d;9529;ipfs://QmeSjSinHpPnmXmspMjwiXyN6zS4E9zccariGR3jxcaWtq/9529;true
https://opensea.io/assets/ethereum/0x34d85c9cdeb23fa97cb08333b511ac86e1c4e258/82771;0x34d85c9cdeb23fa97cb08333b511ac86e1c4e258;82771;https://api.otherside.xyz/lands/82771;false
https://opensea.io/assets/ethereum/0xb47e3cd837ddf8e4c57f05d70ab865de6e193bbb/8756;undefined;undefined;undefined;undefined
https://opensea.io/assets/ethereum/0xb47e3cd837ddf8e4c57f05d70ab865de6e193bbb/2135;undefined;undefined;undefined;undefined
https://opensea.io/assets/ethereum/0xb47e3cd837ddf8e4c57f05d70ab865de6e193bbb/6161;undefined;undefined;undefined;undefined
https://opensea.io/assets/ethereum/0xb47e3cd837ddf8e4c57f05d70ab865de6e193bbb/8380;undefined;undefined;undefined;undefined
https://opensea.io/assets/ethereum/0x49cf6f5d44e70224e2e23fdcdd2c053f30ada28b/13263;0x49cf6f5d44e70224e2e23fdcdd2c053f30ada28b;13263;https://clonex-assets.rtfkt.com/13263;false
https://opensea.io/assets/ethereum/0xbc4ca0eda7647a8ab7c2061c2e118a18a936f13d/6598;0xbc4ca0eda7647a8ab7c2061c2e118a18a936f13d;6598;ipfs://QmeSjSinHpPnmXmspMjwiXyN6zS4E9zccariGR3jxcaWtq/6598;true
https://opensea.io/assets/ethereum/0x60e4d786628fea6478f785a6d7e704777c86a7c6/6504;0x60e4d786628fea6478f785a6d7e704777c86a7c6;6504;https://boredapeyachtclub.com/api/mutants/6504;false
https://opensea.io/assets/ethereum/0x60e4d786628fea6478f785a6d7e704777c86a7c6/11495;undefined;undefined;undefined;undefined
https://opensea.io/assets/ethereum/0xbc4ca0eda7647a8ab7c2061c2e118a18a936f13d/440;0xbc4ca0eda7647a8ab7c2061c2e118a18a936f13d;440;ipfs://QmeSjSinHpPnmXmspMjwiXyN6zS4E9zccariGR3jxcaWtq/440;true
https://opensea.io/assets/ethereum/0xf87e31492faf9a91b02ee0deaad50d51d56d5d4d/115792089237316195423570985008687907844762925492617102452873218822118924353424;undefined;undefined;undefined;undefined
https://opensea.io/assets/ethereum/0x23581767a106ae21c074b2276d25e5c3e136a68b/3424;0x23581767a106ae21c074b2276d25e5c3e136a68b;3424;https://live---metadata-5covpqijaa-uc.a.run.app/metadata/3424;false
https://opensea.io/assets/ethereum/0x49cf6f5d44e70224e2e23fdcdd2c053f30ada28b/13480;0x49cf6f5d44e70224e2e23fdcdd2c053f30ada28b;13480;https://clonex-assets.rtfkt.com/13480;false
https://opensea.io/assets/ethereum/0x60e4d786628fea6478f785a6d7e704777c86a7c6/4506;0x60e4d786628fea6478f785a6d7e704777c86a7c6;4506;https://boredapeyachtclub.com/api/mutants/4506;false
https://opensea.io/assets/ethereum/0x23581767a106ae21c074b2276d25e5c3e136a68b/1883;0x23581767a106ae21c074b2276d25e5c3e136a68b;1883;https://live---metadata-5covpqijaa-uc.a.run.app/metadata/1883;false
https://opensea.io/assets/ethereum/0x8a90cab2b38dba80c64b7734e58ee1db38b8992e/1640;0x8a90cab2b38dba80c64b7734e58ee1db38b8992e;1640;ipfs://QmPMc4tcBsMqLRuCQtPmPe84bpSjrC3Ky7t3JWuHXYB4aS/1640;true
https://opensea.io/assets/ethereum/0xed5af388653567af2f388e6224dc7c4b3241c544/677;0xed5af388653567af2f388e6224dc7c4b3241c544;677;https://ikzttp.mypinata.cloud/ipfs/QmQFkLSQysj94s5GvTHPyzTxrawwtjgiiYS2TBLgrvw8CW/677;true
https://opensea.io/assets/ethereum/0xb47e3cd837ddf8e4c57f05d70ab865de6e193bbb/7293;undefined;undefined;undefined;undefined
https://opensea.io/assets/ethereum/0xed5af388653567af2f388e6224dc7c4b3241c544/2207;0xed5af388653567af2f388e6224dc7c4b3241c544;2207;https://ikzttp.mypinata.cloud/ipfs/QmQFkLSQysj94s5GvTHPyzTxrawwtjgiiYS2TBLgrvw8CW/2207;true
https://opensea.io/assets/ethereum/0x60e4d786628fea6478f785a6d7e704777c86a7c6/5879;0x60e4d786628fea6478f785a6d7e704777c86a7c6;5879;https://boredapeyachtclub.com/api/mutants/5879;false
https://opensea.io/assets/ethereum/0x34d85c9cdeb23fa97cb08333b511ac86e1c4e258/48696;0x34d85c9cdeb23fa97cb08333b511ac86e1c4e258;48696;https://api.otherside.xyz/lands/48696;false
https://opensea.io/assets/ethereum/0xb47e3cd837ddf8e4c57f05d70ab865de6e193bbb/1679;undefined;undefined;undefined;undefined
https://opensea.io/assets/ethereum/0xb47e3cd837ddf8e4c57f05d70ab865de6e193bbb/2702;undefined;undefined;undefined;undefined
https://opensea.io/assets/ethereum/0x60e4d786628fea6478f785a6d7e704777c86a7c6/2933;0x60e4d786628fea6478f785a6d7e704777c86a7c6;2933;https://boredapeyachtclub.com/api/mutants/2933;false
https://opensea.io/assets/ethereum/0x34d85c9cdeb23fa97cb08333b511ac86e1c4e258/55436;0x34d85c9cdeb23fa97cb08333b511ac86e1c4e258;55436;https://api.otherside.xyz/lands/55436;false
https://opensea.io/assets/ethereum/0xed5af388653567af2f388e6224dc7c4b3241c544/5661;0xed5af388653567af2f388e6224dc7c4b3241c544;5661;https://ikzttp.mypinata.cloud/ipfs/QmQFkLSQysj94s5GvTHPyzTxrawwtjgiiYS2TBLgrvw8CW/5661;true
https://opensea.io/assets/ethereum/0xed5af388653567af2f388e6224dc7c4b3241c544/9754;0xed5af388653567af2f388e6224dc7c4b3241c544;9754;https://ikzttp.mypinata.cloud/ipfs/QmQFkLSQysj94s5GvTHPyzTxrawwtjgiiYS2TBLgrvw8CW/9754;true
https://opensea.io/assets/ethereum/0xed5af388653567af2f388e6224dc7c4b3241c544/4115;0xed5af388653567af2f388e6224dc7c4b3241c544;4115;https://ikzttp.mypinata.cloud/ipfs/QmQFkLSQysj94s5GvTHPyzTxrawwtjgiiYS2TBLgrvw8CW/4115;true
https://opensea.io/assets/ethereum/0xbc4ca0eda7647a8ab7c2061c2e118a18a936f13d/8750;0xbc4ca0eda7647a8ab7c2061c2e118a18a936f13d;8750;ipfs://QmeSjSinHpPnmXmspMjwiXyN6zS4E9zccariGR3jxcaWtq/8750;true
https://opensea.io/assets/ethereum/0xbc4ca0eda7647a8ab7c2061c2e118a18a936f13d/9852;0xbc4ca0eda7647a8ab7c2061c2e118a18a936f13d;9852;ipfs://QmeSjSinHpPnmXmspMjwiXyN6zS4E9zccariGR3jxcaWtq/9852;true
https://opensea.io/assets/ethereum/0xb47e3cd837ddf8e4c57f05d70ab865de6e193bbb/2824;undefined;undefined;undefined;undefined
https://opensea.io/assets/ethereum/0xed5af388653567af2f388e6224dc7c4b3241c544/2454;0xed5af388653567af2f388e6224dc7c4b3241c544;2454;https://ikzttp.mypinata.cloud/ipfs/QmQFkLSQysj94s5GvTHPyzTxrawwtjgiiYS2TBLgrvw8CW/2454;true
https://opensea.io/assets/ethereum/0xbc4ca0eda7647a8ab7c2061c2e118a18a936f13d/9751;0xbc4ca0eda7647a8ab7c2061c2e118a18a936f13d;9751;ipfs://QmeSjSinHpPnmXmspMjwiXyN6zS4E9zccariGR3jxcaWtq/9751;true
https://opensea.io/assets/ethereum/0xbc4ca0eda7647a8ab7c2061c2e118a18a936f13d/3682;0xbc4ca0eda7647a8ab7c2061c2e118a18a936f13d;3682;ipfs://QmeSjSinHpPnmXmspMjwiXyN6zS4E9zccariGR3jxcaWtq/3682;true
https://opensea.io/assets/ethereum/0x49cf6f5d44e70224e2e23fdcdd2c053f30ada28b/18569;0x49cf6f5d44e70224e2e23fdcdd2c053f30ada28b;18569;https://clonex-assets.rtfkt.com/18569;false
https://opensea.io/assets/ethereum/0xbc4ca0eda7647a8ab7c2061c2e118a18a936f13d/8640;0xbc4ca0eda7647a8ab7c2061c2e118a18a936f13d;8640;ipfs://QmeSjSinHpPnmXmspMjwiXyN6zS4E9zccariGR3jxcaWtq/8640;true
https://opensea.io/assets/ethereum/0x49cf6f5d44e70224e2e23fdcdd2c053f30ada28b/4214;0x49cf6f5d44e70224e2e23fdcdd2c053f30ada28b;4214;https://clonex-assets.rtfkt.com/4214;false
https://opensea.io/assets/ethereum/0x60e4d786628fea6478f785a6d7e704777c86a7c6/17942;0x60e4d786628fea6478f785a6d7e704777c86a7c6;17942;https://boredapeyachtclub.com/api/mutants/17942;false
https://opensea.io/assets/ethereum/0xb47e3cd837ddf8e4c57f05d70ab865de6e193bbb/8631;undefined;undefined;undefined;undefined
https://opensea.io/assets/ethereum/0x8a90cab2b38dba80c64b7734e58ee1db38b8992e/3630;0x8a90cab2b38dba80c64b7734e58ee1db38b8992e;3630;ipfs://QmPMc4tcBsMqLRuCQtPmPe84bpSjrC3Ky7t3JWuHXYB4aS/3630;true
https://opensea.io/assets/ethereum/0x8a90cab2b38dba80c64b7734e58ee1db38b8992e/31;0x8a90cab2b38dba80c64b7734e58ee1db38b8992e;31;ipfs://QmPMc4tcBsMqLRuCQtPmPe84bpSjrC3Ky7t3JWuHXYB4aS/31;true
https://opensea.io/assets/ethereum/0x49cf6f5d44e70224e2e23fdcdd2c053f30ada28b/7595;0x49cf6f5d44e70224e2e23fdcdd2c053f30ada28b;7595;https://clonex-assets.rtfkt.com/7595;false
https://opensea.io/assets/ethereum/0xed5af388653567af2f388e6224dc7c4b3241c544/8237;0xed5af388653567af2f388e6224dc7c4b3241c544;8237;https://ikzttp.mypinata.cloud/ipfs/QmQFkLSQysj94s5GvTHPyzTxrawwtjgiiYS2TBLgrvw8CW/8237;true
https://opensea.io/assets/ethereum/0x23581767a106ae21c074b2276d25e5c3e136a68b/907;0x23581767a106ae21c074b2276d25e5c3e136a68b;907;https://live---metadata-5covpqijaa-uc.a.run.app/metadata/907;false
https://opensea.io/assets/ethereum/0xbc4ca0eda7647a8ab7c2061c2e118a18a936f13d/15;0xbc4ca0eda7647a8ab7c2061c2e118a18a936f13d;15;ipfs://QmeSjSinHpPnmXmspMjwiXyN6zS4E9zccariGR3jxcaWtq/15;true
https://opensea.io/assets/ethereum/0xb47e3cd837ddf8e4c57f05d70ab865de6e193bbb/8292;undefined;undefined;undefined;undefined
https://opensea.io/assets/ethereum/0x8a90cab2b38dba80c64b7734e58ee1db38b8992e/2693;0x8a90cab2b38dba80c64b7734e58ee1db38b8992e;2693;ipfs://QmPMc4tcBsMqLRuCQtPmPe84bpSjrC3Ky7t3JWuHXYB4aS/2693;true
https://opensea.io/assets/ethereum/0x49cf6f5d44e70224e2e23fdcdd2c053f30ada28b/5030;0x49cf6f5d44e70224e2e23fdcdd2c053f30ada28b;5030;https://clonex-assets.rtfkt.com/5030;false
https://opensea.io/assets/ethereum/0x23581767a106ae21c074b2276d25e5c3e136a68b/5066;0x23581767a106ae21c074b2276d25e5c3e136a68b;5066;https://live---metadata-5covpqijaa-uc.a.run.app/metadata/5066;false
https://opensea.io/assets/ethereum/0xbc4ca0eda7647a8ab7c2061c2e118a18a936f13d/2791;0xbc4ca0eda7647a8ab7c2061c2e118a18a936f13d;2791;ipfs://QmeSjSinHpPnmXmspMjwiXyN6zS4E9zccariGR3jxcaWtq/2791;true
https://opensea.io/assets/ethereum/0x23581767a106ae21c074b2276d25e5c3e136a68b/4389;0x23581767a106ae21c074b2276d25e5c3e136a68b;4389;https://live---metadata-5covpqijaa-uc.a.run.app/metadata/4389;false
https://opensea.io/assets/ethereum/0x23581767a106ae21c074b2276d25e5c3e136a68b/8242;0x23581767a106ae21c074b2276d25e5c3e136a68b;8242;https://live---metadata-5covpqijaa-uc.a.run.app/metadata/8242;false
https://opensea.io/assets/ethereum/0x23581767a106ae21c074b2276d25e5c3e136a68b/2442;0x23581767a106ae21c074b2276d25e5c3e136a68b;2442;https://live---metadata-5covpqijaa-uc.a.run.app/metadata/2442;false
https://opensea.io/assets/ethereum/0xed5af388653567af2f388e6224dc7c4b3241c544/6554;0xed5af388653567af2f388e6224dc7c4b3241c544;6554;https://ikzttp.mypinata.cloud/ipfs/QmQFkLSQysj94s5GvTHPyzTxrawwtjgiiYS2TBLgrvw8CW/6554;true
https://opensea.io/assets/ethereum/0x49cf6f5d44e70224e2e23fdcdd2c053f30ada28b/12332;0x49cf6f5d44e70224e2e23fdcdd2c053f30ada28b;12332;https://clonex-assets.rtfkt.com/12332;false
https://opensea.io/assets/ethereum/0xbc4ca0eda7647a8ab7c2061c2e118a18a936f13d/6346;0xbc4ca0eda7647a8ab7c2061c2e118a18a936f13d;6346;ipfs://QmeSjSinHpPnmXmspMjwiXyN6zS4E9zccariGR3jxcaWtq/6346;true
https://opensea.io/assets/ethereum/0x8a90cab2b38dba80c64b7734e58ee1db38b8992e/7046;0x8a90cab2b38dba80c64b7734e58ee1db38b8992e;7046;ipfs://QmPMc4tcBsMqLRuCQtPmPe84bpSjrC3Ky7t3JWuHXYB4aS/7046;true
https://opensea.io/assets/ethereum/0x49cf6f5d44e70224e2e23fdcdd2c053f30ada28b/2382;0x49cf6f5d44e70224e2e23fdcdd2c053f30ada28b;2382;https://clonex-assets.rtfkt.com/2382;false
https://opensea.io/assets/ethereum/0x8a90cab2b38dba80c64b7734e58ee1db38b8992e/3700;0x8a90cab2b38dba80c64b7734e58ee1db38b8992e;3700;ipfs://QmPMc4tcBsMqLRuCQtPmPe84bpSjrC3Ky7t3JWuHXYB4aS/3700;true
https://opensea.io/assets/ethereum/0xf87e31492faf9a91b02ee0deaad50d51d56d5d4d/115792089237316195423570985008687907833193325017305194695118482169438805164014;undefined;undefined;undefined;undefined
https://opensea.io/assets/ethereum/0x5cc5b05a8a13e3fbdb0bb9fccd98d38e50f90c38/75982;0x5cc5b05a8a13e3fbdb0bb9fccd98d38e50f90c38;75982;https://api.sandbox.game/lands/75982/metadata.json;false
https://opensea.io/assets/ethereum/0xed5af388653567af2f388e6224dc7c4b3241c544/7016;0xed5af388653567af2f388e6224dc7c4b3241c544;7016;https://ikzttp.mypinata.cloud/ipfs/QmQFkLSQysj94s5GvTHPyzTxrawwtjgiiYS2TBLgrvw8CW/7016;true
https://opensea.io/assets/ethereum/0x23581767a106ae21c074b2276d25e5c3e136a68b/8325;0x23581767a106ae21c074b2276d25e5c3e136a68b;8325;data:application/json;false
https://opensea.io/assets/ethereum/0x23581767a106ae21c074b2276d25e5c3e136a68b/4219;0x23581767a106ae21c074b2276d25e5c3e136a68b;4219;https://live---metadata-5covpqijaa-uc.a.run.app/metadata/4219;false
https://opensea.io/assets/ethereum/0xbc4ca0eda7647a8ab7c2061c2e118a18a936f13d/7113;0xbc4ca0eda7647a8ab7c2061c2e118a18a936f13d;7113;ipfs://QmeSjSinHpPnmXmspMjwiXyN6zS4E9zccariGR3jxcaWtq/7113;true
https://opensea.io/assets/ethereum/0x34d85c9cdeb23fa97cb08333b511ac86e1c4e258/68489;0x34d85c9cdeb23fa97cb08333b511ac86e1c4e258;68489;https://api.otherside.xyz/lands/68489;false
https://opensea.io/assets/ethereum/0xed5af388653567af2f388e6224dc7c4b3241c544/5802;0xed5af388653567af2f388e6224dc7c4b3241c544;5802;https://ikzttp.mypinata.cloud/ipfs/QmQFkLSQysj94s5GvTHPyzTxrawwtjgiiYS2TBLgrvw8CW/5802;true
https://opensea.io/assets/ethereum/0x60e4d786628fea6478f785a6d7e704777c86a7c6/1773;0x60e4d786628fea6478f785a6d7e704777c86a7c6;1773;https://boredapeyachtclub.com/api/mutants/1773;false
https://opensea.io/assets/ethereum/0x23581767a106ae21c074b2276d25e5c3e136a68b/2376;0x23581767a106ae21c074b2276d25e5c3e136a68b;2376;data:application/json;false
https://opensea.io/assets/ethereum/0xf87e31492faf9a91b02ee0deaad50d51d56d5d4d/39132472195907923298288079854653344317336;undefined;undefined;undefined;undefined
https://opensea.io/assets/ethereum/0x34d85c9cdeb23fa97cb08333b511ac86e1c4e258/5529;0x34d85c9cdeb23fa97cb08333b511ac86e1c4e258;5529;https://api.otherside.xyz/lands/5529;false
https://opensea.io/assets/ethereum/0xed5af388653567af2f388e6224dc7c4b3241c544/6536;0xed5af388653567af2f388e6224dc7c4b3241c544;6536;https://ikzttp.mypinata.cloud/ipfs/QmQFkLSQysj94s5GvTHPyzTxrawwtjgiiYS2TBLgrvw8CW/6536;true
https://opensea.io/assets/ethereum/0xed5af388653567af2f388e6224dc7c4b3241c544/4090;0xed5af388653567af2f388e6224dc7c4b3241c544;4090;https://ikzttp.mypinata.cloud/ipfs/QmQFkLSQysj94s5GvTHPyzTxrawwtjgiiYS2TBLgrvw8CW/4090;true
https://opensea.io/assets/ethereum/0xed5af388653567af2f388e6224dc7c4b3241c544/8214;0xed5af388653567af2f388e6224dc7c4b3241c544;8214;https://ikzttp.mypinata.cloud/ipfs/QmQFkLSQysj94s5GvTHPyzTxrawwtjgiiYS2TBLgrvw8CW/8214;true
https://opensea.io/assets/ethereum/0x60e4d786628fea6478f785a6d7e704777c86a7c6/13175;0x60e4d786628fea6478f785a6d7e704777c86a7c6;13175;https://boredapeyachtclub.com/api/mutants/13175;false
https://opensea.io/assets/ethereum/0x49cf6f5d44e70224e2e23fdcdd2c053f30ada28b/7122;0x49cf6f5d44e70224e2e23fdcdd2c053f30ada28b;7122;https://clonex-assets.rtfkt.com/7122;false
https://opensea.io/assets/ethereum/0x23581767a106ae21c074b2276d25e5c3e136a68b/150;0x23581767a106ae21c074b2276d25e5c3e136a68b;150;https://live---metadata-5covpqijaa-uc.a.run.app/metadata/150;false
https://opensea.io/assets/ethereum/0x8a90cab2b38dba80c64b7734e58ee1db38b8992e/2244;0x8a90cab2b38dba80c64b7734e58ee1db38b8992e;2244;ipfs://QmPMc4tcBsMqLRuCQtPmPe84bpSjrC3Ky7t3JWuHXYB4aS/2244;true
https://opensea.io/assets/ethereum/0xb47e3cd837ddf8e4c57f05d70ab865de6e193bbb/2395;undefined;undefined;undefined;undefined
https://opensea.io/assets/ethereum/0x60e4d786628fea6478f785a6d7e704777c86a7c6/13573;undefined;undefined;undefined;undefined
https://opensea.io/assets/ethereum/0x34d85c9cdeb23fa97cb08333b511ac86e1c4e258/69071;0x34d85c9cdeb23fa97cb08333b511ac86e1c4e258;69071;https://api.otherside.xyz/lands/69071;false
https://opensea.io/assets/ethereum/0xb47e3cd837ddf8e4c57f05d70ab865de6e193bbb/9688;undefined;undefined;undefined;undefined
https://opensea.io/assets/ethereum/0x23581767a106ae21c074b2276d25e5c3e136a68b/8604;0x23581767a106ae21c074b2276d25e5c3e136a68b;8604;https://live---metadata-5covpqijaa-uc.a.run.app/metadata/8604;false
https://opensea.io/assets/ethereum/0xb47e3cd837ddf8e4c57f05d70ab865de6e193bbb/7283;undefined;undefined;undefined;undefined
https://opensea.io/assets/ethereum/0xb47e3cd837ddf8e4c57f05d70ab865de6e193bbb/9827;undefined;undefined;undefined;undefined
https://opensea.io/assets/ethereum/0xbc4ca0eda7647a8ab7c2061c2e118a18a936f13d/5751;0xbc4ca0eda7647a8ab7c2061c2e118a18a936f13d;5751;ipfs://QmeSjSinHpPnmXmspMjwiXyN6zS4E9zccariGR3jxcaWtq/5751;true
https://opensea.io/assets/ethereum/0xf87e31492faf9a91b02ee0deaad50d51d56d5d4d/115792089237316195423570985008687907831832195549621440841264983739711732318078;undefined;undefined;undefined;undefined
https://opensea.io/assets/ethereum/0x23581767a106ae21c074b2276d25e5c3e136a68b/1339;0x23581767a106ae21c074b2276d25e5c3e136a68b;1339;https://live---metadata-5covpqijaa-uc.a.run.app/metadata/1339;false
https://opensea.io/assets/ethereum/0xed5af388653567af2f388e6224dc7c4b3241c544/7193;0xed5af388653567af2f388e6224dc7c4b3241c544;7193;https://ikzttp.mypinata.cloud/ipfs/QmQFkLSQysj94s5GvTHPyzTxrawwtjgiiYS2TBLgrvw8CW/7193;true
https://opensea.io/assets/ethereum/0x23581767a106ae21c074b2276d25e5c3e136a68b/1504;0x23581767a106ae21c074b2276d25e5c3e136a68b;1504;https://live---metadata-5covpqijaa-uc.a.run.app/metadata/1504;false
https://opensea.io/assets/ethereum/0xb47e3cd837ddf8e4c57f05d70ab865de6e193bbb/2322;undefined;undefined;undefined;undefined
https://opensea.io/assets/ethereum/0xf87e31492faf9a91b02ee0deaad50d51d56d5d4d/115792089237316195423570985008687907844762925492617102452873218822118924353423;undefined;undefined;undefined;undefined
https://opensea.io/assets/ethereum/0x23581767a106ae21c074b2276d25e5c3e136a68b/1020;0x23581767a106ae21c074b2276d25e5c3e136a68b;1020;data:application/json;false
https://opensea.io/assets/ethereum/0x8a90cab2b38dba80c64b7734e58ee1db38b8992e/8276;0x8a90cab2b38dba80c64b7734e58ee1db38b8992e;8276;ipfs://QmPMc4tcBsMqLRuCQtPmPe84bpSjrC3Ky7t3JWuHXYB4aS/8276;true
https://opensea.io/assets/ethereum/0x34d85c9cdeb23fa97cb08333b511ac86e1c4e258/38577;0x34d85c9cdeb23fa97cb08333b511ac86e1c4e258;38577;https://api.otherside.xyz/lands/38577;false
https://opensea.io/assets/ethereum/0xed5af388653567af2f388e6224dc7c4b3241c544/6844;0xed5af388653567af2f388e6224dc7c4b3241c544;6844;https://ikzttp.mypinata.cloud/ipfs/QmQFkLSQysj94s5GvTHPyzTxrawwtjgiiYS2TBLgrvw8CW/6844;true